<?xml version="1.0" encoding="UTF-8"?>
<root>
  <item name="android.os.AsyncTask Result doInBackground(Params...)">
    <annotation name="androidx.annotation.WorkerThread"/>
  </item>
  <item name="android.os.AsyncTask android.os.AsyncTask&lt;Params,Progress,Result&gt; execute(Params...)">
    <annotation name="androidx.annotation.MainThread"/>
  </item>
  <item name="android.os.AsyncTask android.os.AsyncTask&lt;Params,Progress,Result&gt; executeOnExecutor(java.util.concurrent.Executor, Params...)">
    <annotation name="androidx.annotation.MainThread"/>
  </item>
  <item name="android.os.AsyncTask void execute(java.lang.Runnable)">
    <annotation name="androidx.annotation.MainThread"/>
  </item>
  <item name="android.os.AsyncTask void onCancelled()">
    <annotation name="androidx.annotation.MainThread"/>
  </item>
  <item name="android.os.AsyncTask void onCancelled(Result)">
    <annotation name="androidx.annotation.MainThread"/>
  </item>
  <item name="android.os.AsyncTask void onPostExecute(Result)">
    <annotation name="androidx.annotation.MainThread"/>
  </item>
  <item name="android.os.AsyncTask void onPreExecute()">
    <annotation name="androidx.annotation.MainThread"/>
  </item>
  <item name="android.os.AsyncTask void onProgressUpdate(Progress...)">
    <annotation name="androidx.annotation.MainThread"/>
  </item>
  <item name="android.os.AsyncTask void publishProgress(Progress...)">
    <annotation name="androidx.annotation.WorkerThread"/>
  </item>
  <item name="android.os.Build java.lang.String getSerial()">
    <annotation name="androidx.annotation.RequiresPermission">
      <val name="value" val="&quot;android.permission.READ_PRIVILEGED_PHONE_STATE&quot;" />
    </annotation>
  </item>
  <item name="android.os.DropBoxManager android.os.DropBoxManager.Entry getNextEntry(java.lang.String, long)">
    <annotation name="androidx.annotation.RequiresPermission">
      <val name="allOf" val="{&quot;android.permission.READ_LOGS&quot;, &quot;android.permission.PACKAGE_USAGE_STATS&quot;}" />
    </annotation>
  </item>
  <item name="android.os.FileObserver ALL_EVENTS">
    <annotation name="androidx.annotation.IntDef">
      <val name="flag" val="true" />
      <val name="value" val="{android.os.FileObserver.ACCESS, android.os.FileObserver.MODIFY, android.os.FileObserver.ATTRIB, android.os.FileObserver.CLOSE_WRITE, android.os.FileObserver.CLOSE_NOWRITE, android.os.FileObserver.OPEN, android.os.FileObserver.MOVED_FROM, android.os.FileObserver.MOVED_TO, android.os.FileObserver.CREATE, android.os.FileObserver.DELETE, android.os.FileObserver.DELETE_SELF, android.os.FileObserver.MOVE_SELF}" />
    </annotation>
  </item>
  <item name="android.os.FileObserver FileObserver(java.io.File, int) 1">
    <annotation name="androidx.annotation.IntDef">
      <val name="flag" val="true" />
      <val name="value" val="{android.os.FileObserver.ACCESS, android.os.FileObserver.MODIFY, android.os.FileObserver.ATTRIB, android.os.FileObserver.CLOSE_WRITE, android.os.FileObserver.CLOSE_NOWRITE, android.os.FileObserver.OPEN, android.os.FileObserver.MOVED_FROM, android.os.FileObserver.MOVED_TO, android.os.FileObserver.CREATE, android.os.FileObserver.DELETE, android.os.FileObserver.DELETE_SELF, android.os.FileObserver.MOVE_SELF}" />
    </annotation>
  </item>
  <item name="android.os.FileObserver FileObserver(java.lang.String, int) 1">
    <annotation name="androidx.annotation.IntDef">
      <val name="flag" val="true" />
      <val name="value" val="{android.os.FileObserver.ACCESS, android.os.FileObserver.MODIFY, android.os.FileObserver.ATTRIB, android.os.FileObserver.CLOSE_WRITE, android.os.FileObserver.CLOSE_NOWRITE, android.os.FileObserver.OPEN, android.os.FileObserver.MOVED_FROM, android.os.FileObserver.MOVED_TO, android.os.FileObserver.CREATE, android.os.FileObserver.DELETE, android.os.FileObserver.DELETE_SELF, android.os.FileObserver.MOVE_SELF}" />
    </annotation>
  </item>
  <item name="android.os.FileObserver FileObserver(java.util.List<java.io.File>, int) 1">
    <annotation name="androidx.annotation.IntDef">
      <val name="flag" val="true" />
      <val name="value" val="{android.os.FileObserver.ACCESS, android.os.FileObserver.MODIFY, android.os.FileObserver.ATTRIB, android.os.FileObserver.CLOSE_WRITE, android.os.FileObserver.CLOSE_NOWRITE, android.os.FileObserver.OPEN, android.os.FileObserver.MOVED_FROM, android.os.FileObserver.MOVED_TO, android.os.FileObserver.CREATE, android.os.FileObserver.DELETE, android.os.FileObserver.DELETE_SELF, android.os.FileObserver.MOVE_SELF}" />
    </annotation>
  </item>
  <item name="android.os.HardwarePropertiesManager float[] getDeviceTemperatures(int, int) 0">
    <annotation name="androidx.annotation.IntDef">
      <val name="value" val="{android.os.HardwarePropertiesManager.DEVICE_TEMPERATURE_CPU, android.os.HardwarePropertiesManager.DEVICE_TEMPERATURE_GPU, android.os.HardwarePropertiesManager.DEVICE_TEMPERATURE_BATTERY, android.os.HardwarePropertiesManager.DEVICE_TEMPERATURE_SKIN}" />
    </annotation>
  </item>
  <item name="android.os.HardwarePropertiesManager float[] getDeviceTemperatures(int, int) 1">
    <annotation name="androidx.annotation.IntDef">
      <val name="value" val="{android.os.HardwarePropertiesManager.TEMPERATURE_CURRENT, android.os.HardwarePropertiesManager.TEMPERATURE_THROTTLING, android.os.HardwarePropertiesManager.TEMPERATURE_SHUTDOWN, android.os.HardwarePropertiesManager.TEMPERATURE_THROTTLING_BELOW_VR_MIN}" />
    </annotation>
  </item>
  <item name="android.os.LocaleList android.os.LocaleList getAdjustedDefault()">
    <annotation name="androidx.annotation.Size">
      <val name="min" val="1" />
    </annotation>
  </item>
  <item name="android.os.LocaleList android.os.LocaleList getDefault()">
    <annotation name="androidx.annotation.Size">
      <val name="min" val="1" />
    </annotation>
  </item>
  <item name="android.os.LocaleList int indexOf(java.util.Locale)">
    <annotation name="androidx.annotation.IntRange">
      <val name="from" val="-1" />
    </annotation>
  </item>
  <item name="android.os.LocaleList int size()">
    <annotation name="androidx.annotation.IntRange">
      <val name="from" val="0" />
    </annotation>
  </item>
  <item name="android.os.LocaleList void setDefault(android.os.LocaleList) 0">
    <annotation name="androidx.annotation.Size">
      <val name="min" val="1" />
    </annotation>
  </item>
  <item name="android.os.MessageQueue void addOnFileDescriptorEventListener(java.io.FileDescriptor, int, android.os.MessageQueue.OnFileDescriptorEventListener) 1">
    <annotation name="androidx.annotation.IntDef">
      <val name="flag" val="true" />
      <val name="value" val="{android.os.MessageQueue.OnFileDescriptorEventListener.EVENT_INPUT, android.os.MessageQueue.OnFileDescriptorEventListener.EVENT_OUTPUT, android.os.MessageQueue.OnFileDescriptorEventListener.EVENT_ERROR}" />
    </annotation>
  </item>
  <item name="android.os.MessageQueue.OnFileDescriptorEventListener int onFileDescriptorEvents(java.io.FileDescriptor, int)">
    <annotation name="androidx.annotation.IntDef">
      <val name="flag" val="true" />
      <val name="value" val="{android.os.MessageQueue.OnFileDescriptorEventListener.EVENT_INPUT, android.os.MessageQueue.OnFileDescriptorEventListener.EVENT_OUTPUT, android.os.MessageQueue.OnFileDescriptorEventListener.EVENT_ERROR}" />
    </annotation>
  </item>
  <item name="android.os.MessageQueue.OnFileDescriptorEventListener int onFileDescriptorEvents(java.io.FileDescriptor, int) 1">
    <annotation name="androidx.annotation.IntDef">
      <val name="flag" val="true" />
      <val name="value" val="{android.os.MessageQueue.OnFileDescriptorEventListener.EVENT_INPUT, android.os.MessageQueue.OnFileDescriptorEventListener.EVENT_OUTPUT, android.os.MessageQueue.OnFileDescriptorEventListener.EVENT_ERROR}" />
    </annotation>
  </item>
  <item name="android.os.Parcelable int describeContents()">
    <annotation name="androidx.annotation.IntDef">
      <val name="flag" val="true" />
      <val name="value" val="{android.os.Parcelable.CONTENTS_FILE_DESCRIPTOR}" />
    </annotation>
  </item>
  <item name="android.os.Parcelable void writeToParcel(android.os.Parcel, int) 1">
    <annotation name="androidx.annotation.IntDef">
      <val name="flag" val="true" />
      <val name="value" val="{android.os.Parcelable.PARCELABLE_WRITE_RETURN_VALUE}" />
    </annotation>
  </item>
  <item name="android.os.PowerManager int getCurrentThermalStatus()">
    <annotation name="androidx.annotation.IntDef">
      <val name="value" val="{android.os.PowerManager.THERMAL_STATUS_NONE, android.os.PowerManager.THERMAL_STATUS_LIGHT, android.os.PowerManager.THERMAL_STATUS_MODERATE, android.os.PowerManager.THERMAL_STATUS_SEVERE, android.os.PowerManager.THERMAL_STATUS_CRITICAL, android.os.PowerManager.THERMAL_STATUS_EMERGENCY, android.os.PowerManager.THERMAL_STATUS_SHUTDOWN}" />
    </annotation>
  </item>
  <item name="android.os.PowerManager int getLocationPowerSaveMode()">
    <annotation name="androidx.annotation.IntDef">
      <val name="value" val="{android.os.PowerManager.LOCATION_MODE_NO_CHANGE, android.os.PowerManager.LOCATION_MODE_GPS_DISABLED_WHEN_SCREEN_OFF, android.os.PowerManager.LOCATION_MODE_ALL_DISABLED_WHEN_SCREEN_OFF, android.os.PowerManager.LOCATION_MODE_FOREGROUND_ONLY, android.os.PowerManager.LOCATION_MODE_THROTTLE_REQUESTS_WHEN_SCREEN_OFF}" />
    </annotation>
  </item>
  <item name="android.os.PowerManager.OnThermalStatusChangedListener void onThermalStatusChanged(int) 0">
    <annotation name="androidx.annotation.IntDef">
      <val name="value" val="{android.os.PowerManager.THERMAL_STATUS_NONE, android.os.PowerManager.THERMAL_STATUS_LIGHT, android.os.PowerManager.THERMAL_STATUS_MODERATE, android.os.PowerManager.THERMAL_STATUS_SEVERE, android.os.PowerManager.THERMAL_STATUS_CRITICAL, android.os.PowerManager.THERMAL_STATUS_EMERGENCY, android.os.PowerManager.THERMAL_STATUS_SHUTDOWN}" />
    </annotation>
  </item>
  <item name="android.os.RecoverySystem void installPackage(android.content.Context, java.io.File)">
    <annotation name="androidx.annotation.RequiresPermission">
      <val name="value" val="&quot;android.permission.RECOVERY&quot;" />
    </annotation>
  </item>
  <item name="android.os.UserManager android.os.Bundle getApplicationRestrictions(java.lang.String)">
    <annotation name="androidx.annotation.WorkerThread"/>
  </item>
  <item name="android.os.UserManager.UserOperationException int getUserOperationResult()">
    <annotation name="androidx.annotation.IntDef">
      <val name="value" val="{android.os.UserManager.USER_OPERATION_SUCCESS, android.os.UserManager.USER_OPERATION_ERROR_UNKNOWN, android.os.UserManager.USER_OPERATION_ERROR_MANAGED_PROFILE, android.os.UserManager.USER_OPERATION_ERROR_MAX_RUNNING_USERS, android.os.UserManager.USER_OPERATION_ERROR_CURRENT_USER, android.os.UserManager.USER_OPERATION_ERROR_LOW_STORAGE, android.os.UserManager.USER_OPERATION_ERROR_MAX_USERS}" />
    </annotation>
  </item>
  <item name="android.os.VibrationEffect android.os.VibrationEffect createPredefined(int) 0">
    <annotation name="androidx.annotation.IntDef">
      <val name="value" val="{android.os.VibrationEffect.EFFECT_TICK, android.os.VibrationEffect.EFFECT_CLICK, android.os.VibrationEffect.EFFECT_HEAVY_CLICK, android.os.VibrationEffect.EFFECT_DOUBLE_CLICK}" />
    </annotation>
  </item>
  <item name="android.os.Vibrator void cancel()">
    <annotation name="androidx.annotation.RequiresPermission">
      <val name="value" val="&quot;android.permission.VIBRATE&quot;" />
    </annotation>
  </item>
  <item name="android.os.Vibrator void vibrate(android.os.VibrationEffect)">
    <annotation name="androidx.annotation.RequiresPermission">
      <val name="value" val="&quot;android.permission.VIBRATE&quot;" />
    </annotation>
  </item>
  <item name="android.os.Vibrator void vibrate(android.os.VibrationEffect, android.media.AudioAttributes)">
    <annotation name="androidx.annotation.RequiresPermission">
      <val name="value" val="&quot;android.permission.VIBRATE&quot;" />
    </annotation>
  </item>
  <item name="android.os.Vibrator void vibrate(long)">
    <annotation name="androidx.annotation.RequiresPermission">
      <val name="value" val="&quot;android.permission.VIBRATE&quot;" />
    </annotation>
  </item>
  <item name="android.os.Vibrator void vibrate(long, android.media.AudioAttributes)">
    <annotation name="androidx.annotation.RequiresPermission">
      <val name="value" val="&quot;android.permission.VIBRATE&quot;" />
    </annotation>
  </item>
  <item name="android.os.Vibrator void vibrate(long[], int)">
    <annotation name="androidx.annotation.RequiresPermission">
      <val name="value" val="&quot;android.permission.VIBRATE&quot;" />
    </annotation>
  </item>
  <item name="android.os.Vibrator void vibrate(long[], int, android.media.AudioAttributes)">
    <annotation name="androidx.annotation.RequiresPermission">
      <val name="value" val="&quot;android.permission.VIBRATE&quot;" />
    </annotation>
  </item>
</root>

